{
    "jsonrpc": "2.0",
    "result": [
        {
            "mid_price": 2326.75,
            "estimated_delivery_price": 2293.9200000000001,
            "volume_notional": 1834408.0,
            "volume_usd": 1834408.0,
            "quote_currency": "USD",
            "creation_timestamp": 1703333411599,
            "base_currency": "ETH",
            "volume": 785.63251100000002,
            "price_change": -0.67259999999999998,
            "mark_price": 2326.4699999999998,
            "open_interest": 13982097,
            "ask_price": 2327.0,
            "bid_price": 2326.5,
            "instrument_name": "ETH-26JAN24",
            "last": 2325.75,
            "low": 2297.75,
            "high": 2377.5
        },
        {
            "mid_price": 2294.9299999999998,
            "funding_8h": 0.000194,
            "current_funding": 0.00016000000000000001,
            "estimated_delivery_price": 2293.9200000000001,
            "volume_notional": 212289364.0,
            "volume_usd": 212289364.0,
            "quote_currency": "USD",
            "creation_timestamp": 1703333411599,
            "base_currency": "ETH",
            "volume": 91843.746897000005,
            "price_change": -0.71389999999999998,
            "mark_price": 2294.8600000000001,
            "open_interest": 619728642,
            "ask_price": 2294.9499999999998,
            "bid_price": 2294.9000000000001,
            "instrument_name": "ETH-PERPETUAL",
            "last": 2294.9000000000001,
            "low": 2268.1500000000001,
            "high": 2345.25
        },
        {
            "mid_price": 2424.5,
            "estimated_delivery_price": 2293.9200000000001,
            "volume_notional": 4301508.0,
            "volume_usd": 4301508.0,
            "quote_currency": "USD",
            "creation_timestamp": 1703333411599,
            "base_currency": "ETH",
            "volume": 1760.541907,
            "price_change": -0.54349999999999998,
            "mark_price": 2424.6500000000001,
            "open_interest": 19637482,
            "ask_price": 2424.75,
            "bid_price": 2424.25,
            "instrument_name": "ETH-28JUN24",
            "last": 2424.5,
            "low": 2397.0,
            "high": 2477.75
        },
        {
            "mid_price": 2465.8800000000001,
            "estimated_delivery_price": 2293.9200000000001,
            "volume_notional": 1233674.0,
            "volume_usd": 1233674.0,
            "quote_currency": "USD",
            "creation_timestamp": 1703333411599,
            "base_currency": "ETH",
            "volume": 496.68015200000002,
            "price_change": -0.55449999999999999,
            "mark_price": 2466.1700000000001,
            "open_interest": 19847629,
            "ask_price": 2466.5,
            "bid_price": 2465.25,
            "instrument_name": "ETH-27SEP24",
            "last": 2466.0,
            "low": 2439.5,
            "high": 2516.0
        },
        {
            "mid_price": 2372.3800000000001,
            "estimated_delivery_price": 2293.9200000000001,
            "volume_notional": 4000060.0,
            "volume_usd": 4000060.0,
            "quote_currency": "USD",
            "creation_timestamp": 1703333411599,
            "base_currency": "ETH",
            "volume": 1674.5793550000001,
            "price_change": -0.74299999999999999,
            "mark_price": 2372.3000000000002,
            "open_interest": 81804733,
            "ask_price": 2372.5,
            "bid_price": 2372.25,
            "instrument_name": "ETH-29MAR24",
            "last": 2371.25,
            "low": 2346.0,
            "high": 2424.5
        },
        {
            "mid_price": 2306.3800000000001,
            "estimated_delivery_price": 2293.9200000000001,
            "volume_notional": 3821103.0,
            "volume_usd": 3821103.0,
            "quote_currency": "USD",
            "creation_timestamp": 1703333411599,
            "base_currency": "ETH",
            "volume": 1642.283563,
            "price_change": -0.75329999999999997,
            "mark_price": 2306.4299999999998,
            "open_interest": 3176466,
            "ask_price": 2306.5,
            "bid_price": 2306.25,
            "instrument_name": "ETH-5JAN24",
            "last": 2305.75,
            "low": 2279.0,
            "high": 2356.0
        },
        {
            "mid_price": 2299.8800000000001,
            "estimated_delivery_price": 2293.9200000000001,
            "volume_notional": 14441301.0,
            "volume_usd": 14441301.0,
            "quote_currency": "USD",
            "creation_timestamp": 1703333411599,
            "base_currency": "ETH",
            "volume": 6218.6787709999999,
            "price_change": -0.83009999999999995,
            "mark_price": 2299.8200000000002,
            "open_interest": 178635137,
            "ask_price": 2300.0,
            "bid_price": 2299.75,
            "instrument_name": "ETH-29DEC23",
            "last": 2299.75,
            "low": 2273.75,
            "high": 2351.5
        }
    ],
    "usIn": 1703333412329067,
    "usOut": 1703333412329150,
    "usDiff": 83,
    "testnet": false
}