{
    "jsonrpc": "2.0",
    "result": [
        {
            "mid_price": 45163.75,
            "estimated_delivery_price": 43690.43,
            "volume_notional": 13169550.0,
            "volume_usd": 13169550.0,
            "quote_currency": "USD",
            "creation_timestamp": 1703333410579,
            "base_currency": "BTC",
            "volume": 291.55498326999998,
            "price_change": 0.060900000000000003,
            "mark_price": 45161.860000000001,
            "open_interest": 120291780,
            "ask_price": 45165.0,
            "bid_price": 45162.5,
            "instrument_name": "BTC-29MAR24",
            "last": 45162.5,
            "low": 44817.5,
            "high": 45607.5
        },
        {
            "mid_price": 46296.25,
            "estimated_delivery_price": 43690.43,
            "volume_notional": 8253970.0,
            "volume_usd": 8253970.0,
            "quote_currency": "USD",
            "creation_timestamp": 1703333410579,
            "base_currency": "BTC",
            "volume": 178.08430812,
            "price_change": 0.14069999999999999,
            "mark_price": 46293.010000000002,
            "open_interest": 54957640,
            "ask_price": 46300.0,
            "bid_price": 46292.5,
            "instrument_name": "BTC-28JUN24",
            "last": 46277.5,
            "low": 45940.0,
            "high": 46742.5
        },
        {
            "mid_price": 47158.75,
            "estimated_delivery_price": 43690.43,
            "volume_notional": 4849780.0,
            "volume_usd": 4849780.0,
            "quote_currency": "USD",
            "creation_timestamp": 1703333410579,
            "base_currency": "BTC",
            "volume": 102.75139575999999,
            "price_change": 0.2072,
            "mark_price": 47148.18,
            "open_interest": 33106610,
            "ask_price": 47167.5,
            "bid_price": 47150.0,
            "instrument_name": "BTC-27SEP24",
            "last": 47150.0,
            "low": 46785.0,
            "high": 47650.0
        },
        {
            "mid_price": 43801.25,
            "estimated_delivery_price": 43690.43,
            "volume_notional": 17334430.0,
            "volume_usd": 17334430.0,
            "quote_currency": "USD",
            "creation_timestamp": 1703333410579,
            "base_currency": "BTC",
            "volume": 395.35706267,
            "price_change": 0.0114,
            "mark_price": 43804.050000000003,
            "open_interest": 385925430,
            "ask_price": 43802.5,
            "bid_price": 43800.0,
            "instrument_name": "BTC-29DEC23",
            "last": 43805.0,
            "low": 43472.5,
            "high": 44222.5
        },
        {
            "mid_price": 43706.25,
            "funding_8h": 1.944e-5,
            "current_funding": 8.3479999999999994e-5,
            "estimated_delivery_price": 43690.43,
            "volume_notional": 317646350.0,
            "volume_usd": 317646350.0,
            "quote_currency": "USD",
            "creation_timestamp": 1703333410580,
            "base_currency": "BTC",
            "volume": 7266.50057208,
            "price_change": 0.067500000000000004,
            "mark_price": 43705.0,
            "open_interest": 668173200,
            "ask_price": 43706.5,
            "bid_price": 43706.0,
            "instrument_name": "BTC-PERPETUAL",
            "last": 43706.5,
            "low": 43350.5,
            "high": 44103.0
        },
        {
            "mid_price": 44292.5,
            "estimated_delivery_price": 43690.43,
            "volume_notional": 5867960.0,
            "volume_usd": 5867960.0,
            "quote_currency": "USD",
            "creation_timestamp": 1703333410580,
            "base_currency": "BTC",
            "volume": 132.45137941999999,
            "price_change": -0.011299999999999999,
            "mark_price": 44287.989999999998,
            "open_interest": 34139190,
            "ask_price": 44305.0,
            "bid_price": 44280.0,
            "instrument_name": "BTC-26JAN24",
            "last": 44267.5,
            "low": 43930.0,
            "high": 44690.0
        },
        {
            "mid_price": 43938.75,
            "estimated_delivery_price": 43690.43,
            "volume_notional": 2640870.0,
            "volume_usd": 2640870.0,
            "quote_currency": "USD",
            "creation_timestamp": 1703333410580,
            "base_currency": "BTC",
            "volume": 60.108389080000002,
            "price_change": 0.096799999999999997,
            "mark_price": 43943.410000000003,
            "open_interest": 2304460,
            "ask_price": 43940.0,
            "bid_price": 43937.5,
            "instrument_name": "BTC-5JAN24",
            "last": 43957.5,
            "low": 43597.5,
            "high": 44360.0
        }
    ],
    "usIn": 1703333411127517,
    "usOut": 1703333411127612,
    "usDiff": 95,
    "testnet": false
}